<platform>
	<properties>
		<!-- Indicates whether or not java primitive types must be preserved in SLCodec -->
		<Property name="SL-preserve-java-types" value="true"/>
	</properties>
	
	<agentRoles>
		<agentRole description="Administrator">
		</agentRole>
		<agentRole description= "Workflow Executor">
		</agentRole>
	</agentRoles>
	
	<agentTypes>
		<agentType description = "Workflow Engine Agent" className="com.tilab.wade.performer.WorkflowEngineAgent" role="Workflow Executor">
			<properties>
				<property name = "PoolSize" value="3"/>
				<property name = "DefaultWorkflowTimeout" value="1800000"/>
			</properties>
		</agentType>
		<agentType description = "Control Agent" className="com.tilab.wade.ca.ControllerAgent" role="Administrator">
			<properties>
				<property name = "autorestart" value="true"/>
				<property name = "threadNumberThreshold" value="500"/>
				<property name = "class-loader-root" value="./deploy"/>
			</properties>
		</agentType>
		<agentType description = "Configuration Agent" className="com.tilab.wade.cfa.ConfigurationAgent" role="Administrator">
                        <properties>
                                <property name = "configurationsPath" value="./cfg/configuration"/>
                        </properties>
		</agentType>
		<agentType description = "Runtime Allocator Agent" className="com.tilab.wade.raa.RuntimeAllocatorAgent" role="Administrator"/>
		<agentType description = "Backup Controller Agent" className="com.tilab.wade.bca.BackupControllerAgent" role="Administrator"/>
		<agentType description = "Workflow Status Manager Agent" className="com.tilab.wade.wsma.WorkflowStatusManagerAgent" role="Administrator"/>
		<agentType description = "Event System Agent" className="com.tilab.wade.esa.EventSystemAgent" role="Administrator"/>
		<agentType description = "Workflow Dispatcher Agent" className="com.tilab.wade.dispatcher.WorkflowDispatcherAgent" role="Administrator"/>
	</agentTypes>
</platform>
